IsHoliday,Low,Medium,High
False,11226.710936384361,17157.269924946235,19785.74989212583
True,12085.891831402514,17652.749140030443,23135.253822645293
